Hassan,M,hassan.exe.545@gmail.com,Street0,031679000101,1
Grace,F,example4@example.com,Street4,03003019442,0
Ella,F,example1@example.com,Street4,03327799167,0
Sami,M,example2@example.com,Samii4,03327799167,0
David,F,example5@example.com,Street4,03003019442,0
Hussain,M,example2@example.com,Street2,03163887454,1
Frank,M,example2@example.com,Street4,03003019442,0
Armin,M,example3@example.com,Street2,03003032766,0
Daniyal,M,example5@example.com,Street3,03327799167,1
Ivy,M,example1@example.com,Street4,03003019442,1
Huzaifa,M,example2@example.com,Street3,0356439843,1
Mikasa,F,example233@example.com,Street2,03163887454,1
Rehman,M,example4@example.com,Street1,03003019442,1
Levi,M,example3@example.com,Street2,03003032766,0
Thomas,M,example4@example.com,Street2,03003019442,0
Maya,F,example2@example.com,Street5,03327799167,0
Ayesha,F,example5@example.com,Street5,03327799167,0
Noor,F,example4@example.com,Street3,03327799167,1
Yuichi,M,example3@example.com,Street2,03003032766,0
Fatima,F,example3@example.com,Street5,03327799167,0
Hannan,F,example2@example.com,Street2,03163887454,1
Hanzala,F,example2@example.com,Street2,03163887454,1
Qurat,F,example4@example.com,Street4,03003019442,1
Lelouch,M,example3@example.com,Street2,03003032766,0
Kirsa,M,example3@example.com,Street2,03003032766,0
Roohan,M,example4@example.com,Street5,0356439843,1
Annie,F,example2@example.com,Street2,03163887454,1
Ashar,M,example2@example.com,Street3,03327799167,0
Urwah,F,example2@example.com,Street2,03163887454,1
Sameed,F,example2@example.com,Street2,03163887454,1
Ahsan,F,example2@example.com,Street1,03003019442,1
Rumahis,M,example2@example.com,Street4,0356439843,1
Shabbar,M,example2@example.com,Street5,03327799167,1
Hamza,F,example3@example.com,Street5,03003019442,1
Ezaan,M,example2@example.com,Street3,0356439843,1
Shelby,F,example1@example.com,Street3,03003019442,0
Arthur,M,example2@example.com,Street3,03327799167,1
Arsh,M,example3@example.com,Street2,03003032766,0
Alee,F,example2@example.com,Street2,03163887454,1
Waqar,M,example3@example.com,Street2,03003032766,0
Eddy,M,example4@example.com,Street4,03003019442,0
Ragnar,M,example2@example.com,Street4,03327799167,0
Hannah,M,example3@example.com,Street1,03003019442,1
Haris,M,example2@example.com,Street4,03003019442,0
Ammar,M,example3@example.com,Street4,0356439843,1
Talha,M,example2@example.com,Street2,03003019442,0
Idrees,M,idreesi#yahoo.com,Street 6,03312456432,0
Sami,M,samisami"gmail.com,STREET1,03122321341,0
Babar,M,babar"yahoo.com,street6,03123131231,1
Aliza,F,myheart"dil.com,saaditown,03345678909,1
ezaan,m,jk,karachi,01234567890,1
alizain,M,DASDASC,ASDADA,03131323232,1
